{
  "default": [
    "Enlightenment",
    "light",
    "S_Item4AroundP",
    "flight_area_20blocks",
    "10s Fly c;10a",
    "2s Levitation",
    "FlightArea C5 D25",
    "FlightArea C64a D320",
    "angel block",
    "Stygian Loom idk how works",
    "Subtractive Distillation",
    "looking at block",
    "getface",
    "Bookkeeper\u0027s Gambit",
    "S_ALLItemAroundP",
    "t"
  ],
  "Trinket": [
    "T_Recharge",
    "T_Light c;1.02",
    "T_Upwards Flight r;0 c;0",
    "T_CreatePortal c;119.33",
    "T_3x3x3 C;3.5",
    "leap c;3.6 no elytra"
  ],
  "Trinket_CI": [
    "to_Trinket",
    "to_Artifact",
    "CI_light",
    "CI_Recharge_Radius_4",
    "Free Upwards Flight",
    "Explode all entities SAFE",
    "NetherPortal C63a",
    "3x3x3 Blast H",
    "3x3 Mine",
    "3x3x3 Mine",
    "magnet c;3d item",
    "RailgunBow c;200d",
    "leap"
  ],
  ".trash": [],
  ".casted": [],
  "extra": [
    "1.01",
    "1.001",
    "1.0001",
    "height0",
    "height raw",
    "heightINTEGER",
    "height10000 raw",
    "height10000 fixed",
    "height10000 -f div10000",
    "print10k",
    "print1mdebug",
    "p1 looking up",
    "p1 looking down",
    "add scale",
    "sub scale",
    "look up add",
    "look down sub",
    "Psneak10k",
    "isSneakingAndInRange"
  ],
  "extra2": [
    "cursorItem",
    "N_0.00001296",
    "list non-item",
    "list entity coords in area",
    "block under player",
    "dup list 2 times example",
    "getBlockFace - Architect",
    "getBlock - Archer"
  ],
  "folder_order": [],
  "asda": [],
  "teleport": [
    "100k",
    "savePosFocus",
    "TP to vec c;5a",
    "TpFocus C20a",
    "Vector Exaltation"
  ],
  "scale": [
    "scale 8",
    "scale 3",
    "scale 2",
    "scale 1",
    "Scale 0.03125",
    "getHeight",
    "shift1-8"
  ],
  "hexal": [
    "test"
  ],
  "potions": [
    "All Potions 999k sec",
    "3s str"
  ]
}